block,start_time,end_time,observations,correct,probability,difference,p_value
1,2026-08-08 18:01:28+03:00,2026-08-08 20:22:20+03:00,500,47,0.094,-0.006000000000000005,0.693956282875466
2,2026-08-08 20:22:24+03:00,2026-08-08 22:43:24+03:00,500,64,0.128,0.027999999999999997,0.025052749497516683
3,2026-08-08 22:43:32+03:00,2026-08-09 01:26:10+03:00,500,51,0.102,0.001999999999999988,0.46243119245693626
4,2026-08-09 01:26:12+03:00,2026-08-09 03:47:10+03:00,500,50,0.1,0.0,0.5218018627273868
5,2026-08-09 03:47:24+03:00,2026-08-09 05:55:38+03:00,500,60,0.12,0.01999999999999999,0.0809871622270327
6,2026-08-09 05:55:40+03:00,2026-08-09 08:06:44+03:00,500,70,0.14,0.04000000000000001,0.0027107182662634115
7,2026-08-09 08:06:54+03:00,2026-08-09 10:44:26+03:00,500,57,0.114,0.013999999999999999,0.16585275956277962
8,2026-08-09 10:44:32+03:00,2026-08-09 13:34:36+03:00,500,51,0.102,0.001999999999999988,0.46243119245693626
9,2026-08-09 13:34:42+03:00,2026-08-09 16:19:50+03:00,500,48,0.096,-0.0040000000000000036,0.638838260938741
